keys,pt_BR,en,es,fr,de,it,nl
🍫 Tabuleiro cheio,🍫 Tabuleiro cheio,🍫 Board full,🍫 Tablero lleno,🍫 Plateau plein,🍫 Feld voll,🍫 Tabellone pieno,🍫 Bord vol
🍫 Produzir Cacau,🍫 Produzir Cacau,🍫 Produce Cocoa,🍫 Producir Cacao,🍫 Produire du Cacao,🍫 Kakao produzieren,🍫 Produci Cacao,🍫 Cacao produceren
Resete e ganhe +%.2fx de renda permanente. %s,Resete e ganhe +%.2fx de renda permanente. %s,Reset and gain +%.2fx permanent income. %s,Reinicia y gana +%.2fx de ingresos permanentes. %s,Réinitialisez et gagnez +%.2fx de revenu permanent. %s,Zurücksetzen und +%.2fx dauerhaftes Einkommen erhalten. %s,Ripristina e ottieni +%.2fx di reddito permanente. %s,Reset en krijg +%.2fx permanent inkomen. %s
Disponível agora!,Disponível agora!,Available now!,¡Disponible ahora!,Disponible maintenant !,Jetzt verfügbar!,Disponibile ora!,Nu beschikbaar!
Precisa de %s moedas (%s/%s),Precisa de %s moedas (%s/%s),Needs %s coins (%s/%s),Necesita %s monedas (%s/%s),Nécessite %s pièces (%s/%s),Benötigt %s Münzen (%s/%s),Servono %s monete (%s/%s),Heeft %s munten nodig (%s/%s)
Renascer (x%.2f),Renascer (x%.2f),Rebirth (x%.2f),Renacer (x%.2f),Renaissance (x%.2f),Wiedergeburt (x%.2f),Rinascita (x%.2f),Wedergeboorte (x%.2f)
Ativo (%ds),Ativo (%ds),Active (%ds),Activo (%ds),Actif (%ds),Aktiv (%ds),Attivo (%ds),Actief (%ds)
Ativo (sem anúncios),Ativo (sem anúncios),Active (no ads),Activo (sin anuncios),Actif (sans publicité),Aktiv (keine Werbung),Attivo (senza pubblicità),Actief (geen advertenties)
Aguarde…,Aguarde…,Wait…,Espera…,Patientez…,Warten…,Attendi…,Wacht…
Assistir,Assistir,Watch,Ver,Regarder,Ansehen,Guarda,Bekijken
Sua chocolateria trabalhou sozinha por %dh %dmin,Sua chocolateria trabalhou sozinha por %dh %dmin,Your chocolate shop worked alone for %dh %dmin,Tu chocolatería trabajó sola durante %dh %dmin,Votre chocolaterie a travaillé seule pendant %dh %dmin,Deine Schokoladenfabrik hat %dh %dmin allein gearbeitet,La tua cioccolateria ha lavorato da sola per %dh %dmin,Je chocoladewinkel werkte %du %dmin alleen
Sua chocolateria trabalhou sozinha por %d minutos,Sua chocolateria trabalhou sozinha por %d minutos,Your chocolate shop worked alone for %d minutes,Tu chocolatería trabajó sola durante %d minutos,Votre chocolaterie a travaillé seule pendant %d minutes,Deine Schokoladenfabrik hat %d Minuten allein gearbeitet,La tua cioccolateria ha lavorato da sola per %d minuti,Je chocoladewinkel werkte %d minuten alleen
🎬 Assistir anúncio: dobrar (demo),🎬 Assistir anúncio: dobrar (demo),🎬 Watch ad: double (demo),🎬 Ver anuncio: duplicar (demo),🎬 Regarder la pub : doubler (démo),🎬 Werbung ansehen: verdoppeln (Demo),🎬 Guarda pubblicità: raddoppia (demo),🎬 Advertentie bekijken: verdubbelen (demo)
✓ Renda dobrada,✓ Renda dobrada,✓ Income doubled,✓ Ingresos duplicados,✓ Revenu doublé,✓ Einkommen verdoppelt,✓ Reddito raddoppiato,✓ Inkomen verdubbeld
Nv%d,Nv%d,Lv%d,Nv%d,Niv%d,Lv%d,Lv%d,Lv%d
Entregar,Entregar,Deliver,Entregar,Livrer,Liefern,Consegna,Leveren
Bem-vindo de volta!,Bem-vindo de volta!,Welcome back!,¡Bienvenido de nuevo!,Bon retour !,Willkommen zurück!,Bentornato!,Welkom terug!
Coletar,Coletar,Collect,Recolectar,Récupérer,Abholen,Raccogli,Verzamelen
🎉 5 vitrines completas!,🎉 5 vitrines completas!,🎉 5 displays complete!,🎉 ¡5 vitrinas completas!,🎉 5 vitrines complètes !,🎉 5 Vitrinen komplett!,🎉 5 vetrine complete!,🎉 5 vitrines compleet!
"Sua chocolateria abasteceu supermercados de verdade. Hora de começar um novo ciclo, mais forte!","Sua chocolateria abasteceu supermercados de verdade. Hora de começar um novo ciclo, mais forte!","Your chocolate shop supplied real supermarkets. Time to start a new cycle, stronger!","Tu chocolatería abasteció supermercados de verdad. ¡Hora de empezar un nuevo ciclo, más fuerte!","Votre chocolaterie a approvisionné de vrais supermarchés. Il est temps de commencer un nouveau cycle, plus fort !","Deine Schokoladenfabrik hat echte Supermärkte beliefert. Zeit für einen neuen, stärkeren Zyklus!","La tua cioccolateria ha rifornito supermercati veri. È ora di iniziare un nuovo ciclo, più forte!","Je chocoladewinkel bevoorraadde echte supermarkten. Tijd voor een nieuwe, sterkere cyclus!"
Jogar de novo,Jogar de novo,Play again,Jugar de nuevo,Rejouer,Nochmal spielen,Gioca di nuovo,Opnieuw spelen
⏸️ Pausado,⏸️ Pausado,⏸️ Paused,⏸️ Pausado,⏸️ En pause,⏸️ Pausiert,⏸️ In pausa,⏸️ Gepauzeerd
🔊 Efeitos sonoros,🔊 Efeitos sonoros,🔊 Sound effects,🔊 Efectos de sonido,🔊 Effets sonores,🔊 Soundeffekte,🔊 Effetti sonori,🔊 Geluidseffecten
🍫 Visitar loja oficial,🍫 Visitar loja oficial,🍫 Visit official store,🍫 Visitar tienda oficial,🍫 Visiter la boutique officielle,🍫 Offiziellen Shop besuchen,🍫 Visita il negozio ufficiale,🍫 Bezoek officiële winkel
🗑️ Apagar progresso,🗑️ Apagar progresso,🗑️ Delete progress,🗑️ Borrar progreso,🗑️ Supprimer la progression,🗑️ Fortschritt löschen,🗑️ Cancella progressi,🗑️ Voortgang wissen
v1.0 · protótipo,v1.0 · protótipo,v1.0 · prototype,v1.0 · prototipo,v1.0 · prototype,v1.0 · Prototyp,v1.0 · prototipo,v1.0 · prototype
"Mascote: Estopa 🐾
Baseado na marca Therê Chocolates
""Chocolate com afeto, tão gostoso quanto abraço de Vó.""","Mascote: Estopa 🐾
Baseado na marca Therê Chocolates
""Chocolate com afeto, tão gostoso quanto abraço de Vó.""","Mascot: Estopa 🐾
Based on the Therê Chocolates brand
""Chocolate with love, as comforting as Grandma's hug.""","Mascota: Estopa 🐾
Basado en la marca Therê Chocolates
""Chocolate con cariño, tan rico como un abrazo de la abuela.""","Mascotte : Estopa 🐾
Inspiré de la marque Therê Chocolates
« Du chocolat avec tendresse, aussi réconfortant qu'un câlin de grand-mère. »","Maskottchen: Estopa 🐾
Basiert auf der Marke Therê Chocolates
""Schokolade mit Liebe, so schön wie die Umarmung der Oma.""","Mascotte: Estopa 🐾
Basato sul marchio Therê Chocolates
""Cioccolato con affetto, buono come un abbraccio della nonna.""","Mascotte: Estopa 🐾
Gebaseerd op het merk Therê Chocolates
""Chocolade met liefde, net zo fijn als een knuffel van oma."""
▶️ Continuar,▶️ Continuar,▶️ Resume,▶️ Continuar,▶️ Reprendre,▶️ Fortsetzen,▶️ Riprendi,▶️ Doorgaan
Apagar progresso?,Apagar progresso?,Delete progress?,¿Borrar progreso?,Supprimer la progression ?,Fortschritt löschen?,Cancellare i progressi?,Voortgang wissen?
"Isso apaga moedas, gemas, upgrades e vitrines — sem volta. Tem certeza?","Isso apaga moedas, gemas, upgrades e vitrines — sem volta. Tem certeza?","This deletes coins, gems, upgrades and displays — no undo. Are you sure?","Esto borra monedas, gemas, mejoras y vitrinas — sin vuelta atrás. ¿Estás seguro?","Cela supprime les pièces, gemmes, améliorations et vitrines — irréversible. Êtes-vous sûr ?","Dadurch werden Münzen, Edelsteine, Upgrades und Vitrinen gelöscht — unwiderruflich. Bist du sicher?","Questo cancella monete, gemme, potenziamenti e vetrine — senza ritorno. Sei sicuro?","Dit verwijdert munten, edelstenen, upgrades en vitrines — onomkeerbaar. Weet je het zeker?"
Apagar,Apagar,Delete,Borrar,Supprimer,Löschen,Cancella,Wissen
Cancelar,Cancelar,Cancel,Cancelar,Annuler,Abbrechen,Annulla,Annuleren
⏱️ Produção mais rápida,⏱️ Produção mais rápida,⏱️ Faster production,⏱️ Producción más rápida,⏱️ Production plus rapide,⏱️ Schnellere Produktion,⏱️ Produzione più veloce,⏱️ Snellere productie
📈 Renda da vitrine +25%,📈 Renda da vitrine +25%,📈 Storefront income +25%,📈 Ingresos de la vitrina +25%,📈 Revenu de la vitrine +25%,📈 Vitrinen-Einkommen +25%,📈 Reddito della vetrina +25%,📈 Winkelinkomen +25%
"🤖 Assistente (cacau rápido, 30s)","🤖 Assistente (cacau rápido, 30s)","🤖 Assistant (fast cocoa, 30s)","🤖 Asistente (cacao rápido, 30s)","🤖 Assistant (cacao rapide, 30s)","🤖 Assistent (schneller Kakao, 30s)","🤖 Assistente (cacao veloce, 30s)","🤖 Assistent (snelle cacao, 30s)"
🎬 Dobrar renda por 30s,🎬 Dobrar renda por 30s,🎬 Double income for 30s,🎬 Duplicar ingresos por 30s,🎬 Doubler le revenu pendant 30s,🎬 Einkommen für 30s verdoppeln,🎬 Raddoppia il reddito per 30s,🎬 Inkomen 30s verdubbelen
🚫 Remover anúncios (IAP),🚫 Remover anúncios (IAP),🚫 Remove ads (IAP),🚫 Quitar anuncios (compra),🚫 Supprimer les pubs (achat),🚫 Werbung entfernen (Kauf),🚫 Rimuovi pubblicità (acquisto),🚫 Advertenties verwijderen (aankoop)
🌟 Rebirth da Chocolateria,🌟 Rebirth da Chocolateria,🌟 Chocolate Shop Rebirth,🌟 Renacer de la Chocolatería,🌟 Renaissance de la Chocolaterie,🌟 Wiedergeburt der Schokoladenfabrik,🌟 Rinascita della Cioccolateria,🌟 Wedergeboorte van de Chocoladewinkel
🌐 Idioma,🌐 Idioma,🌐 Language,🌐 Idioma,🌐 Langue,🌐 Sprache,🌐 Lingua,🌐 Taal
Cacau,Cacau,Cocoa Pod,Cacao,Cabosse de Cacao,Kakaofrucht,Baccello di Cacao,Cacaopeul
Cacau Torrado,Cacau Torrado,Roasted Cocoa,Cacao Tostado,Cacao Torréfié,Gerösteter Kakao,Cacao Tostato,Geroosterde Cacao
Pasta de Cacau,Pasta de Cacau,Cocoa Paste,Pasta de Cacao,Pâte de Cacao,Kakaopaste,Pasta di Cacao,Cacaopasta
Bombom,Bombom,Bonbon,Bombón,Bonbon,Praline,Cioccolatino,Bonbon
Barra de Chocolate,Barra de Chocolate,Chocolate Bar,Barra de Chocolate,Tablette de Chocolat,Schokoladentafel,Tavoletta di Cioccolato,Chocoladereep
Tablete Premium,Tablete Premium,Premium Bar,Tableta Premium,Tablette Premium,Premium-Tafel,Tavoletta Premium,Premium Reep
Caixa de Bombom,Caixa de Bombom,Box of Bonbons,Caja de Bombones,Boîte de Bonbons,Pralinenschachtel,Scatola di Cioccolatini,Bonbondoos
Caixa There,Caixa There,Therê Box,Caja Therê,Boîte Therê,Therê-Kiste,Scatola Therê,Therê-Doos
Palete de Distribuição,Palete de Distribuição,Distribution Pallet,Palé de Distribución,Palette de Distribution,Versandpalette,Pallet di Distribuzione,Distributiepallet
Caixa para Supermercados,Caixa para Supermercados,Supermarket Box,Caja para Supermercados,Caisse pour Supermarchés,Supermarkt-Kiste,Scatola per Supermercati,Supermarktdoos
Jogando como convidado,Jogando como convidado,Playing as guest,Jugando como invitado,Joue en tant qu'invité,Als Gast spielen,Gioca come ospite,Spelen als gast
Login ainda não configurado neste build (veja AUTH_GUIDE.md),Login ainda não configurado neste build (veja AUTH_GUIDE.md),Login not yet configured in this build (see AUTH_GUIDE.md),Inicio de sesión aún no configurado en esta versión (ver AUTH_GUIDE.md),Connexion pas encore configurée dans cette version (voir AUTH_GUIDE.md),Login in diesem Build noch nicht konfiguriert (siehe AUTH_GUIDE.md),Accesso non ancora configurato in questa build (vedi AUTH_GUIDE.md),Login nog niet geconfigureerd in deze build (zie AUTH_GUIDE.md)
🍎 Entrar com Apple,🍎 Entrar com Apple,🍎 Sign in with Apple,🍎 Iniciar sesión con Apple,🍎 Se connecter avec Apple,🍎 Mit Apple anmelden,🍎 Accedi con Apple,🍎 Inloggen met Apple
🔵 Entrar com Google,🔵 Entrar com Google,🔵 Sign in with Google,🔵 Iniciar sesión con Google,🔵 Se connecter avec Google,🔵 Mit Google anmelden,🔵 Accedi con Google,🔵 Inloggen met Google
Sair da conta,Sair da conta,Sign out,Cerrar sesión,Se déconnecter,Abmelden,Esci,Uitloggen
⚠️ Excluir minha conta,⚠️ Excluir minha conta,⚠️ Delete my account,⚠️ Eliminar mi cuenta,⚠️ Supprimer mon compte,⚠️ Mein Konto löschen,⚠️ Elimina il mio account,⚠️ Mijn account verwijderen
Isso apaga sua conta e o save salvo na nuvem — sem volta. O progresso salvo neste aparelho continua aqui. Tem certeza?,Isso apaga sua conta e o save salvo na nuvem — sem volta. O progresso salvo neste aparelho continua aqui. Tem certeza?,This deletes your account and the cloud save — no undo. Progress saved on this device stays here. Are you sure?,"Esto elimina tu cuenta y la partida guardada en la nube, sin vuelta atrás. El progreso guardado en este dispositivo permanece aquí. ¿Estás seguro?",Cela supprime votre compte et la sauvegarde cloud — irréversible. La progression enregistrée sur cet appareil reste ici. Êtes-vous sûr ?,Dies löscht dein Konto und den Cloud-Spielstand — unwiderruflich. Der auf diesem Gerät gespeicherte Fortschritt bleibt erhalten. Bist du sicher?,"Questo elimina il tuo account e il salvataggio cloud, senza possibilità di annullare. I progressi salvati su questo dispositivo restano qui. Sei sicuro?",Dit verwijdert je account en de cloud-save — onomkeerbaar. Voortgang die op dit apparaat is opgeslagen blijft hier. Weet je het zeker?
Excluir conta,Excluir conta,Delete account,Eliminar cuenta,Supprimer le compte,Konto löschen,Elimina account,Account verwijderen
Carregando…,Carregando…,Loading…,Cargando…,Chargement…,Lädt…,Caricamento…,Laden…
Indisponível,Indisponível,Unavailable,No disponible,Indisponible,Nicht verfügbar,Non disponibile,Niet beschikbaar
🔄 Restaurar compras,🔄 Restaurar compras,🔄 Restore purchases,🔄 Restaurar compras,🔄 Restaurer les achats,🔄 Käufe wiederherstellen,🔄 Ripristina acquisti,🔄 Aankopen herstellen
Loja indisponível neste build,Loja indisponível neste build,Store unavailable in this build,Tienda no disponible en esta versión,Boutique indisponible dans cette version,Store in diesem Build nicht verfügbar,Store non disponibile in questa build,Winkel niet beschikbaar in deze build
🎬 Assistir anúncio: dobrar,🎬 Assistir anúncio: dobrar,🎬 Watch ad: double it,🎬 Ver anuncio: duplicar,🎬 Voir une pub : doubler,🎬 Werbung ansehen: verdoppeln,🎬 Guarda l'annuncio: raddoppia,🎬 Bekijk advertentie: verdubbel
Conectado como %s,Conectado como %s,Signed in as %s,Conectado como %s,Connecté en tant que %s,Angemeldet als %s,Connesso come %s,Ingelogd als %s
Conta conectada,Conta conectada,Account connected,Cuenta conectada,Compte connecté,Konto verbunden,Account connesso,Account verbonden
Entre para salvar seu progresso na nuvem,Entre para salvar seu progresso na nuvem,Sign in to save your progress to the cloud,Inicia sesión para guardar tu progreso en la nube,Connectez-vous pour sauvegarder votre progression dans le cloud,"Melde dich an, um deinen Fortschritt in der Cloud zu speichern",Accedi per salvare i progressi nel cloud,Log in om je voortgang in de cloud op te slaan
Excluir conta?,Excluir conta?,Delete account?,¿Eliminar cuenta?,Supprimer le compte ?,Konto löschen?,Eliminare l'account?,Account verwijderen?
Sua chocolateria trabalhou sozinha,Sua chocolateria trabalhou sozinha,Your chocolate shop kept working,Tu chocolatería siguió trabajando,Votre chocolaterie a continué à travailler,Deine Schokoladenfabrik hat weitergearbeitet,La tua cioccolateria ha continuato a lavorare,Je chocoladewinkel werkte door
Renascer,Renascer,Rebirth,Renacer,Renaissance,Wiedergeburt,Rinascita,Wedergeboorte
Hey! Estopa here. Let's make some chocolate.,Hey! Estopa here. Let's make some chocolate.,Hey! Estopa here. Let's make some chocolate.,¡Hola! Soy Estopa. Vamos a hacer chocolate.,Salut ! C'est Estopa. Faisons du chocolat.,Hey! Hier ist Estopa. Machen wir Schokolade.,Ehi! Sono Estopa. Facciamo del cioccolato.,Hey! Estopa hier. Laten we chocolade maken.
toque,toque,tap,toque,touchez,tippen,tocca,tik
clique,clique,click,clic,cliquez,klicken,clicca,klik
🖥️ Modo de tela,🖥️ Modo de tela,🖥️ Screen mode,🖥️ Modo de pantalla,🖥️ Mode d'écran,🖥️ Bildschirmmodus,🖥️ Modalità schermo,🖥️ Schermmodus
🔄 Automático,🔄 Automático,🔄 Automatic,🔄 Automático,🔄 Automatique,🔄 Automatisch,🔄 Automatico,🔄 Automatisch
📱 Celular,📱 Celular,📱 Phone,📱 Móvil,📱 Téléphone,📱 Handy,📱 Telefono,📱 Telefoon
🖥️ Desktop,🖥️ Desktop,🖥️ Desktop,🖥️ Escritorio,🖥️ Ordinateur,🖥️ Desktop,🖥️ Desktop,🖥️ Desktop
